index,value
0,0.00000000e+00
1,0.00000000e+00
2,0.00000000e+00
3,0.00000000e+00
4,0.00000000e+00
5,0.00000000e+00
6,0.00000000e+00
7,0.00000000e+00
8,0.00000000e+00
9,0.00000000e+00
10,0.00000000e+00
11,0.00000000e+00
12,0.00000000e+00
13,0.00000000e+00
14,0.00000000e+00
15,0.00000000e+00
16,0.00000000e+00
17,0.00000000e+00
18,0.00000000e+00
19,0.00000000e+00
20,0.00000000e+00
21,0.00000000e+00
22,0.00000000e+00
23,0.00000000e+00
24,0.00000000e+00
25,0.00000000e+00
26,0.00000000e+00
27,0.00000000e+00
28,0.00000000e+00
29,0.00000000e+00
30,0.00000000e+00
31,0.00000000e+00
32,0.00000000e+00
33,0.00000000e+00
34,0.00000000e+00
35,0.00000000e+00
36,0.00000000e+00
37,0.00000000e+00
38,0.00000000e+00
39,0.00000000e+00
40,0.00000000e+00
41,0.00000000e+00
42,0.00000000e+00
43,0.00000000e+00
44,0.00000000e+00
45,0.00000000e+00
46,0.00000000e+00
47,0.00000000e+00
48,0.00000000e+00
49,0.00000000e+00
50,0.00000000e+00
51,0.00000000e+00
52,0.00000000e+00
53,0.00000000e+00
54,0.00000000e+00
55,0.00000000e+00
56,0.00000000e+00
57,0.00000000e+00
58,0.00000000e+00
59,0.00000000e+00
60,0.00000000e+00
61,0.00000000e+00
62,0.00000000e+00
63,0.00000000e+00
64,0.00000000e+00
65,0.00000000e+00
66,0.00000000e+00
67,0.00000000e+00
68,0.00000000e+00
69,0.00000000e+00
70,0.00000000e+00
71,0.00000000e+00
72,0.00000000e+00
73,0.00000000e+00
74,0.00000000e+00
75,0.00000000e+00
76,0.00000000e+00
77,0.00000000e+00
78,0.00000000e+00
79,0.00000000e+00
80,0.00000000e+00
81,0.00000000e+00
82,0.00000000e+00
83,0.00000000e+00
84,0.00000000e+00
85,0.00000000e+00
86,0.00000000e+00
87,0.00000000e+00
88,0.00000000e+00
89,0.00000000e+00
90,0.00000000e+00
91,0.00000000e+00
92,0.00000000e+00
93,0.00000000e+00
94,0.00000000e+00
95,0.00000000e+00
96,0.00000000e+00
97,0.00000000e+00
98,0.00000000e+00
99,0.00000000e+00
100,0.00000000e+00
101,0.00000000e+00
102,0.00000000e+00
103,0.00000000e+00
104,0.00000000e+00
105,0.00000000e+00
106,0.00000000e+00
107,0.00000000e+00
108,0.00000000e+00
109,0.00000000e+00
110,0.00000000e+00
111,0.00000000e+00
112,0.00000000e+00
113,0.00000000e+00
114,0.00000000e+00
115,0.00000000e+00
116,0.00000000e+00
117,0.00000000e+00
118,0.00000000e+00
119,0.00000000e+00
120,0.00000000e+00
121,0.00000000e+00
122,0.00000000e+00
123,0.00000000e+00
124,0.00000000e+00
125,0.00000000e+00
126,0.00000000e+00
127,0.00000000e+00
128,0.00000000e+00
129,0.00000000e+00
130,0.00000000e+00
131,0.00000000e+00
132,0.00000000e+00
133,0.00000000e+00
134,0.00000000e+00
135,0.00000000e+00
136,0.00000000e+00
137,0.00000000e+00
138,0.00000000e+00
139,0.00000000e+00
140,0.00000000e+00
141,0.00000000e+00
142,0.00000000e+00
143,0.00000000e+00
144,0.00000000e+00
145,0.00000000e+00
146,0.00000000e+00
147,0.00000000e+00
148,0.00000000e+00
149,0.00000000e+00
150,0.00000000e+00
151,0.00000000e+00
152,0.00000000e+00
153,0.00000000e+00
154,0.00000000e+00
155,0.00000000e+00
156,0.00000000e+00
157,0.00000000e+00
158,0.00000000e+00
159,0.00000000e+00
160,0.00000000e+00
161,0.00000000e+00
162,0.00000000e+00
163,0.00000000e+00
164,0.00000000e+00
165,0.00000000e+00
166,0.00000000e+00
167,0.00000000e+00
168,0.00000000e+00
169,0.00000000e+00
170,0.00000000e+00
171,0.00000000e+00
172,0.00000000e+00
173,0.00000000e+00
174,0.00000000e+00
175,0.00000000e+00
176,0.00000000e+00
177,0.00000000e+00
178,0.00000000e+00
179,0.00000000e+00
180,0.00000000e+00
181,0.00000000e+00
182,0.00000000e+00
183,0.00000000e+00
184,0.00000000e+00
185,0.00000000e+00
186,0.00000000e+00
187,0.00000000e+00
188,0.00000000e+00
189,0.00000000e+00
190,0.00000000e+00
191,0.00000000e+00
192,0.00000000e+00
193,0.00000000e+00
194,0.00000000e+00
195,0.00000000e+00
196,0.00000000e+00
197,0.00000000e+00
198,0.00000000e+00
199,0.00000000e+00
200,0.00000000e+00
201,0.00000000e+00
202,0.00000000e+00
203,0.00000000e+00
204,0.00000000e+00
205,0.00000000e+00
206,0.00000000e+00
207,0.00000000e+00
208,0.00000000e+00
209,0.00000000e+00
210,0.00000000e+00
211,0.00000000e+00
212,0.00000000e+00
213,0.00000000e+00
214,0.00000000e+00
215,0.00000000e+00
216,0.00000000e+00
217,0.00000000e+00
218,0.00000000e+00
219,0.00000000e+00
220,0.00000000e+00
221,0.00000000e+00
222,0.00000000e+00
223,0.00000000e+00
224,0.00000000e+00
225,0.00000000e+00
226,0.00000000e+00
227,0.00000000e+00
228,0.00000000e+00
229,0.00000000e+00
230,0.00000000e+00
231,0.00000000e+00
232,0.00000000e+00
233,0.00000000e+00
234,0.00000000e+00
235,0.00000000e+00
236,0.00000000e+00
237,0.00000000e+00
238,0.00000000e+00
239,0.00000000e+00
240,0.00000000e+00
241,0.00000000e+00
242,0.00000000e+00
243,0.00000000e+00
244,0.00000000e+00
245,0.00000000e+00
246,0.00000000e+00
247,0.00000000e+00
248,0.00000000e+00
249,0.00000000e+00
250,0.00000000e+00
251,0.00000000e+00
252,0.00000000e+00
253,0.00000000e+00
254,0.00000000e+00
255,0.00000000e+00
256,0.00000000e+00
257,0.00000000e+00
258,0.00000000e+00
259,0.00000000e+00
260,0.00000000e+00
261,0.00000000e+00
262,0.00000000e+00
263,0.00000000e+00
264,0.00000000e+00
265,0.00000000e+00
266,0.00000000e+00
267,0.00000000e+00
268,0.00000000e+00
269,0.00000000e+00
270,0.00000000e+00
271,0.00000000e+00
272,0.00000000e+00
273,0.00000000e+00
274,0.00000000e+00
275,0.00000000e+00
276,0.00000000e+00
277,0.00000000e+00
278,0.00000000e+00
279,0.00000000e+00
280,0.00000000e+00
281,0.00000000e+00
282,0.00000000e+00
283,0.00000000e+00
284,0.00000000e+00
285,0.00000000e+00
286,0.00000000e+00
287,0.00000000e+00
288,0.00000000e+00
289,0.00000000e+00
290,0.00000000e+00
291,0.00000000e+00
292,0.00000000e+00
293,0.00000000e+00
294,0.00000000e+00
295,0.00000000e+00
296,0.00000000e+00
297,0.00000000e+00
298,0.00000000e+00
299,0.00000000e+00
300,0.00000000e+00
301,0.00000000e+00
302,0.00000000e+00
303,0.00000000e+00
304,0.00000000e+00
305,0.00000000e+00
306,0.00000000e+00
307,0.00000000e+00
308,0.00000000e+00
309,0.00000000e+00
310,0.00000000e+00
311,0.00000000e+00
312,0.00000000e+00
313,0.00000000e+00
314,0.00000000e+00
315,0.00000000e+00
316,0.00000000e+00
317,0.00000000e+00
318,0.00000000e+00
319,0.00000000e+00
320,0.00000000e+00
321,0.00000000e+00
322,0.00000000e+00
323,0.00000000e+00
324,0.00000000e+00
325,0.00000000e+00
326,0.00000000e+00
327,0.00000000e+00
328,0.00000000e+00
329,0.00000000e+00
330,0.00000000e+00
331,0.00000000e+00
332,0.00000000e+00
333,0.00000000e+00
334,0.00000000e+00
335,0.00000000e+00
336,0.00000000e+00
337,0.00000000e+00
338,0.00000000e+00
339,0.00000000e+00
340,0.00000000e+00
341,0.00000000e+00
342,0.00000000e+00
343,0.00000000e+00
344,0.00000000e+00
345,0.00000000e+00
346,0.00000000e+00
347,0.00000000e+00
348,0.00000000e+00
349,0.00000000e+00
350,0.00000000e+00
351,0.00000000e+00
352,0.00000000e+00
353,0.00000000e+00
354,0.00000000e+00
355,0.00000000e+00
356,0.00000000e+00
357,0.00000000e+00
358,0.00000000e+00
359,0.00000000e+00
360,0.00000000e+00
361,0.00000000e+00
362,0.00000000e+00
363,0.00000000e+00
364,0.00000000e+00
365,0.00000000e+00
366,0.00000000e+00
367,0.00000000e+00
368,0.00000000e+00
369,0.00000000e+00
370,0.00000000e+00
371,0.00000000e+00
372,0.00000000e+00
373,0.00000000e+00
374,0.00000000e+00
375,0.00000000e+00
376,0.00000000e+00
377,0.00000000e+00
378,0.00000000e+00
379,0.00000000e+00
380,0.00000000e+00
381,0.00000000e+00
382,0.00000000e+00
383,0.00000000e+00
384,0.00000000e+00
385,0.00000000e+00
386,0.00000000e+00
387,0.00000000e+00
388,0.00000000e+00
389,0.00000000e+00
390,0.00000000e+00
391,0.00000000e+00
392,0.00000000e+00
393,0.00000000e+00
394,0.00000000e+00
395,0.00000000e+00
396,0.00000000e+00
397,0.00000000e+00
398,0.00000000e+00
399,0.00000000e+00
400,0.00000000e+00
401,0.00000000e+00
402,0.00000000e+00
403,0.00000000e+00
404,0.00000000e+00
405,0.00000000e+00
406,0.00000000e+00
407,0.00000000e+00
408,0.00000000e+00
409,0.00000000e+00
410,0.00000000e+00
411,0.00000000e+00
412,0.00000000e+00
413,0.00000000e+00
414,0.00000000e+00
415,0.00000000e+00
416,0.00000000e+00
417,0.00000000e+00
418,0.00000000e+00
419,0.00000000e+00
420,0.00000000e+00
421,0.00000000e+00
422,0.00000000e+00
423,0.00000000e+00
424,0.00000000e+00
425,0.00000000e+00
426,0.00000000e+00
427,0.00000000e+00
428,0.00000000e+00
429,0.00000000e+00
430,0.00000000e+00
431,0.00000000e+00
432,0.00000000e+00
433,0.00000000e+00
434,0.00000000e+00
435,0.00000000e+00
436,0.00000000e+00
437,0.00000000e+00
438,0.00000000e+00
439,0.00000000e+00
440,0.00000000e+00
441,0.00000000e+00
442,0.00000000e+00
443,0.00000000e+00
444,0.00000000e+00
445,0.00000000e+00
446,0.00000000e+00
447,0.00000000e+00
448,0.00000000e+00
449,0.00000000e+00
450,0.00000000e+00
451,0.00000000e+00
452,0.00000000e+00
453,0.00000000e+00
454,0.00000000e+00
455,0.00000000e+00
456,0.00000000e+00
457,0.00000000e+00
458,0.00000000e+00
459,0.00000000e+00
460,0.00000000e+00
461,0.00000000e+00
462,0.00000000e+00
463,0.00000000e+00
464,0.00000000e+00
465,0.00000000e+00
466,0.00000000e+00
467,0.00000000e+00
468,0.00000000e+00
469,0.00000000e+00
470,0.00000000e+00
471,0.00000000e+00
472,0.00000000e+00
473,0.00000000e+00
474,0.00000000e+00
475,0.00000000e+00
476,0.00000000e+00
477,0.00000000e+00
478,0.00000000e+00
479,0.00000000e+00
480,0.00000000e+00
481,0.00000000e+00
482,0.00000000e+00
483,0.00000000e+00
484,0.00000000e+00
485,0.00000000e+00
486,0.00000000e+00
487,0.00000000e+00
488,0.00000000e+00
489,0.00000000e+00
490,0.00000000e+00
491,0.00000000e+00
492,0.00000000e+00
493,0.00000000e+00
494,0.00000000e+00
495,0.00000000e+00
496,0.00000000e+00
497,0.00000000e+00
498,0.00000000e+00
499,0.00000000e+00
500,0.00000000e+00
501,0.00000000e+00
502,0.00000000e+00
503,0.00000000e+00
504,0.00000000e+00
505,0.00000000e+00
506,0.00000000e+00
507,0.00000000e+00
508,0.00000000e+00
509,0.00000000e+00
510,0.00000000e+00
511,0.00000000e+00
512,0.00000000e+00
513,0.00000000e+00
514,0.00000000e+00
515,0.00000000e+00
516,0.00000000e+00
517,0.00000000e+00
518,0.00000000e+00
519,0.00000000e+00
520,0.00000000e+00
521,0.00000000e+00
522,0.00000000e+00
523,0.00000000e+00
524,0.00000000e+00
525,0.00000000e+00
526,0.00000000e+00
527,0.00000000e+00
528,0.00000000e+00
529,0.00000000e+00
530,0.00000000e+00
531,0.00000000e+00
532,0.00000000e+00
533,0.00000000e+00
534,0.00000000e+00
535,0.00000000e+00
536,0.00000000e+00
537,0.00000000e+00
538,0.00000000e+00
539,0.00000000e+00
540,0.00000000e+00
541,0.00000000e+00
542,0.00000000e+00
543,0.00000000e+00
544,0.00000000e+00
545,0.00000000e+00
546,0.00000000e+00
547,0.00000000e+00
548,0.00000000e+00
549,0.00000000e+00
550,0.00000000e+00
551,0.00000000e+00
552,0.00000000e+00
553,0.00000000e+00
554,0.00000000e+00
555,0.00000000e+00
556,0.00000000e+00
557,0.00000000e+00
558,0.00000000e+00
559,0.00000000e+00
560,0.00000000e+00
561,0.00000000e+00
562,0.00000000e+00
563,0.00000000e+00
564,0.00000000e+00
565,0.00000000e+00
566,0.00000000e+00
567,0.00000000e+00
568,0.00000000e+00
569,0.00000000e+00
570,0.00000000e+00
571,0.00000000e+00
572,0.00000000e+00
573,0.00000000e+00
574,0.00000000e+00
575,0.00000000e+00
576,0.00000000e+00
577,0.00000000e+00
578,0.00000000e+00
579,0.00000000e+00
580,0.00000000e+00
581,0.00000000e+00
582,0.00000000e+00
583,0.00000000e+00
584,0.00000000e+00
585,0.00000000e+00
586,0.00000000e+00
587,0.00000000e+00
588,0.00000000e+00
589,0.00000000e+00
590,0.00000000e+00
591,0.00000000e+00
592,0.00000000e+00
593,0.00000000e+00
594,0.00000000e+00
595,0.00000000e+00
596,0.00000000e+00
597,0.00000000e+00
598,0.00000000e+00
599,0.00000000e+00
600,0.00000000e+00
601,0.00000000e+00
602,0.00000000e+00
603,0.00000000e+00
604,0.00000000e+00
605,0.00000000e+00
606,0.00000000e+00
607,0.00000000e+00
608,0.00000000e+00
609,0.00000000e+00
610,0.00000000e+00
611,0.00000000e+00
612,0.00000000e+00
613,0.00000000e+00
614,0.00000000e+00
615,0.00000000e+00
616,0.00000000e+00
617,0.00000000e+00
618,0.00000000e+00
619,0.00000000e+00
620,0.00000000e+00
621,0.00000000e+00
622,0.00000000e+00
623,0.00000000e+00
624,0.00000000e+00
625,0.00000000e+00
626,0.00000000e+00
627,0.00000000e+00
628,0.00000000e+00
629,0.00000000e+00
630,0.00000000e+00
631,0.00000000e+00
632,0.00000000e+00
633,0.00000000e+00
634,0.00000000e+00
635,0.00000000e+00
636,0.00000000e+00
637,0.00000000e+00
638,0.00000000e+00
639,0.00000000e+00
640,0.00000000e+00
641,0.00000000e+00
642,0.00000000e+00
643,0.00000000e+00
644,0.00000000e+00
645,0.00000000e+00
646,0.00000000e+00
647,0.00000000e+00
648,0.00000000e+00
649,0.00000000e+00
650,0.00000000e+00
651,0.00000000e+00
652,0.00000000e+00
653,0.00000000e+00
654,0.00000000e+00
655,0.00000000e+00
656,0.00000000e+00
657,0.00000000e+00
658,0.00000000e+00
659,0.00000000e+00
660,0.00000000e+00
661,0.00000000e+00
662,0.00000000e+00
663,0.00000000e+00
664,0.00000000e+00
665,0.00000000e+00
666,0.00000000e+00
667,0.00000000e+00
668,0.00000000e+00
669,0.00000000e+00
670,0.00000000e+00
671,0.00000000e+00
672,0.00000000e+00
673,0.00000000e+00
674,0.00000000e+00
675,0.00000000e+00
676,0.00000000e+00
677,0.00000000e+00
678,0.00000000e+00
679,0.00000000e+00
680,0.00000000e+00
681,0.00000000e+00
682,0.00000000e+00
683,0.00000000e+00
684,0.00000000e+00
685,0.00000000e+00
686,0.00000000e+00
687,0.00000000e+00
688,0.00000000e+00
689,0.00000000e+00
690,0.00000000e+00
691,0.00000000e+00
692,0.00000000e+00
693,0.00000000e+00
694,0.00000000e+00
695,0.00000000e+00
696,0.00000000e+00
697,0.00000000e+00
698,0.00000000e+00
699,0.00000000e+00
700,0.00000000e+00
701,0.00000000e+00
702,0.00000000e+00
703,0.00000000e+00
704,0.00000000e+00
705,0.00000000e+00
706,0.00000000e+00
707,0.00000000e+00
708,0.00000000e+00
709,0.00000000e+00
710,0.00000000e+00
711,0.00000000e+00
712,0.00000000e+00
713,0.00000000e+00
714,0.00000000e+00
715,0.00000000e+00
716,0.00000000e+00
717,0.00000000e+00
718,0.00000000e+00
719,0.00000000e+00
720,0.00000000e+00
721,0.00000000e+00
722,0.00000000e+00
723,0.00000000e+00
724,0.00000000e+00
725,0.00000000e+00
726,0.00000000e+00
727,0.00000000e+00
728,0.00000000e+00
729,0.00000000e+00
730,0.00000000e+00
731,0.00000000e+00
732,0.00000000e+00
733,0.00000000e+00
734,0.00000000e+00
735,0.00000000e+00
736,0.00000000e+00
737,0.00000000e+00
738,0.00000000e+00
739,0.00000000e+00
740,0.00000000e+00
741,0.00000000e+00
742,0.00000000e+00
743,0.00000000e+00
744,0.00000000e+00
745,0.00000000e+00
746,0.00000000e+00
747,0.00000000e+00
748,0.00000000e+00
749,0.00000000e+00
750,0.00000000e+00
751,0.00000000e+00
752,0.00000000e+00
753,0.00000000e+00
754,0.00000000e+00
755,0.00000000e+00
756,0.00000000e+00
757,0.00000000e+00
758,0.00000000e+00
759,0.00000000e+00
760,0.00000000e+00
761,0.00000000e+00
762,0.00000000e+00
763,0.00000000e+00
764,0.00000000e+00
765,0.00000000e+00
766,0.00000000e+00
767,0.00000000e+00
768,0.00000000e+00
769,0.00000000e+00
770,0.00000000e+00
771,0.00000000e+00
772,0.00000000e+00
773,0.00000000e+00
774,0.00000000e+00
775,0.00000000e+00
776,0.00000000e+00
777,0.00000000e+00
778,0.00000000e+00
779,0.00000000e+00
780,0.00000000e+00
781,0.00000000e+00
782,0.00000000e+00
783,0.00000000e+00
784,0.00000000e+00
785,0.00000000e+00
786,0.00000000e+00
787,0.00000000e+00
788,0.00000000e+00
789,0.00000000e+00
790,0.00000000e+00
791,0.00000000e+00
792,0.00000000e+00
793,0.00000000e+00
794,0.00000000e+00
795,0.00000000e+00
796,0.00000000e+00
797,0.00000000e+00
798,0.00000000e+00
799,0.00000000e+00
800,0.00000000e+00
801,0.00000000e+00
802,0.00000000e+00
803,0.00000000e+00
804,0.00000000e+00
805,0.00000000e+00
806,0.00000000e+00
807,0.00000000e+00
808,0.00000000e+00
809,0.00000000e+00
810,0.00000000e+00
811,0.00000000e+00
812,0.00000000e+00
813,0.00000000e+00
814,0.00000000e+00
815,0.00000000e+00
816,0.00000000e+00
817,0.00000000e+00
818,0.00000000e+00
819,0.00000000e+00
820,0.00000000e+00
821,0.00000000e+00
822,0.00000000e+00
823,0.00000000e+00
824,0.00000000e+00
825,0.00000000e+00
826,0.00000000e+00
827,0.00000000e+00
828,0.00000000e+00
829,0.00000000e+00
830,0.00000000e+00
831,0.00000000e+00
832,0.00000000e+00
833,0.00000000e+00
834,0.00000000e+00
835,0.00000000e+00
836,0.00000000e+00
837,0.00000000e+00
838,0.00000000e+00
839,0.00000000e+00
840,0.00000000e+00
841,0.00000000e+00
842,0.00000000e+00
843,0.00000000e+00
844,0.00000000e+00
845,0.00000000e+00
846,0.00000000e+00
847,0.00000000e+00
848,0.00000000e+00
849,0.00000000e+00
850,0.00000000e+00
851,0.00000000e+00
852,0.00000000e+00
853,0.00000000e+00
854,0.00000000e+00
855,0.00000000e+00
856,0.00000000e+00
857,0.00000000e+00
858,0.00000000e+00
859,0.00000000e+00
860,0.00000000e+00
861,0.00000000e+00
862,0.00000000e+00
863,0.00000000e+00
864,0.00000000e+00
865,0.00000000e+00
866,0.00000000e+00
867,0.00000000e+00
868,0.00000000e+00
869,0.00000000e+00
870,0.00000000e+00
871,0.00000000e+00
872,0.00000000e+00
873,0.00000000e+00
874,0.00000000e+00
875,0.00000000e+00
876,0.00000000e+00
877,0.00000000e+00
878,0.00000000e+00
879,0.00000000e+00
880,0.00000000e+00
881,0.00000000e+00
882,0.00000000e+00
883,0.00000000e+00
884,0.00000000e+00
885,0.00000000e+00
886,0.00000000e+00
887,0.00000000e+00
888,0.00000000e+00
889,0.00000000e+00
890,0.00000000e+00
891,0.00000000e+00
892,0.00000000e+00
893,0.00000000e+00
894,0.00000000e+00
895,0.00000000e+00
896,0.00000000e+00
897,0.00000000e+00
898,0.00000000e+00
899,0.00000000e+00
900,0.00000000e+00
901,0.00000000e+00
902,0.00000000e+00
903,0.00000000e+00
904,0.00000000e+00
905,0.00000000e+00
906,0.00000000e+00
907,0.00000000e+00
908,0.00000000e+00
909,0.00000000e+00
910,0.00000000e+00
911,0.00000000e+00
912,0.00000000e+00
913,0.00000000e+00
914,0.00000000e+00
915,0.00000000e+00
916,0.00000000e+00
917,0.00000000e+00
918,0.00000000e+00
919,0.00000000e+00
920,0.00000000e+00
921,0.00000000e+00
922,0.00000000e+00
923,0.00000000e+00
924,0.00000000e+00
925,0.00000000e+00
926,0.00000000e+00
927,0.00000000e+00
928,0.00000000e+00
929,0.00000000e+00
930,0.00000000e+00
931,0.00000000e+00
932,0.00000000e+00
933,0.00000000e+00
934,0.00000000e+00
935,0.00000000e+00
936,0.00000000e+00
937,0.00000000e+00
938,0.00000000e+00
939,0.00000000e+00
940,0.00000000e+00
941,0.00000000e+00
942,0.00000000e+00
943,0.00000000e+00
944,0.00000000e+00
945,0.00000000e+00
946,0.00000000e+00
947,0.00000000e+00
948,0.00000000e+00
949,0.00000000e+00
950,0.00000000e+00
951,0.00000000e+00
952,0.00000000e+00
953,0.00000000e+00
954,0.00000000e+00
955,0.00000000e+00
956,0.00000000e+00
957,0.00000000e+00
958,0.00000000e+00
959,0.00000000e+00
960,0.00000000e+00
961,0.00000000e+00
962,0.00000000e+00
963,0.00000000e+00
964,0.00000000e+00
965,0.00000000e+00
966,0.00000000e+00
967,0.00000000e+00
968,0.00000000e+00
969,0.00000000e+00
970,0.00000000e+00
971,0.00000000e+00
972,0.00000000e+00
973,0.00000000e+00
974,0.00000000e+00
975,0.00000000e+00
976,0.00000000e+00
977,0.00000000e+00
978,0.00000000e+00
979,0.00000000e+00
980,0.00000000e+00
981,0.00000000e+00
982,0.00000000e+00
983,0.00000000e+00
984,0.00000000e+00
985,0.00000000e+00
986,0.00000000e+00
987,0.00000000e+00
988,0.00000000e+00
989,0.00000000e+00
990,0.00000000e+00
991,0.00000000e+00
992,0.00000000e+00
993,0.00000000e+00
994,0.00000000e+00
995,0.00000000e+00
996,0.00000000e+00
997,0.00000000e+00
998,0.00000000e+00
999,0.00000000e+00
1000,0.00000000e+00
1001,0.00000000e+00
1002,0.00000000e+00
1003,0.00000000e+00
1004,0.00000000e+00
1005,0.00000000e+00
1006,0.00000000e+00
1007,0.00000000e+00
1008,0.00000000e+00
1009,0.00000000e+00
1010,0.00000000e+00
1011,0.00000000e+00
1012,0.00000000e+00
1013,0.00000000e+00
1014,0.00000000e+00
1015,0.00000000e+00
1016,0.00000000e+00
1017,0.00000000e+00
1018,0.00000000e+00
1019,0.00000000e+00
1020,0.00000000e+00
1021,0.00000000e+00
1022,0.00000000e+00
1023,0.00000000e+00
1024,0.00000000e+00
1025,0.00000000e+00
1026,0.00000000e+00
1027,0.00000000e+00
1028,0.00000000e+00
1029,0.00000000e+00
1030,0.00000000e+00
1031,0.00000000e+00
1032,0.00000000e+00
1033,0.00000000e+00
1034,0.00000000e+00
1035,0.00000000e+00
1036,0.00000000e+00
1037,0.00000000e+00
1038,0.00000000e+00
1039,0.00000000e+00
1040,0.00000000e+00
1041,0.00000000e+00
1042,0.00000000e+00
1043,0.00000000e+00
1044,0.00000000e+00
1045,0.00000000e+00
1046,0.00000000e+00
1047,0.00000000e+00
1048,0.00000000e+00
1049,0.00000000e+00
1050,0.00000000e+00
1051,0.00000000e+00
1052,0.00000000e+00
1053,0.00000000e+00
1054,0.00000000e+00
1055,0.00000000e+00
1056,0.00000000e+00
1057,0.00000000e+00
1058,0.00000000e+00
1059,0.00000000e+00
1060,0.00000000e+00
1061,0.00000000e+00
1062,0.00000000e+00
1063,0.00000000e+00
1064,0.00000000e+00
1065,0.00000000e+00
1066,0.00000000e+00
1067,0.00000000e+00
1068,0.00000000e+00
1069,0.00000000e+00
1070,0.00000000e+00
1071,0.00000000e+00
1072,0.00000000e+00
1073,0.00000000e+00
1074,0.00000000e+00
1075,0.00000000e+00
1076,0.00000000e+00
1077,0.00000000e+00
1078,0.00000000e+00
1079,0.00000000e+00
1080,0.00000000e+00
1081,0.00000000e+00
1082,0.00000000e+00
1083,0.00000000e+00
1084,0.00000000e+00
1085,0.00000000e+00
1086,0.00000000e+00
1087,0.00000000e+00
1088,0.00000000e+00
1089,0.00000000e+00
1090,0.00000000e+00
1091,0.00000000e+00
1092,0.00000000e+00
1093,0.00000000e+00
1094,0.00000000e+00
1095,0.00000000e+00
1096,0.00000000e+00
1097,0.00000000e+00
1098,0.00000000e+00
1099,0.00000000e+00
1100,0.00000000e+00
1101,0.00000000e+00
1102,0.00000000e+00
1103,0.00000000e+00
1104,0.00000000e+00
1105,0.00000000e+00
1106,0.00000000e+00
1107,0.00000000e+00
1108,0.00000000e+00
1109,0.00000000e+00
1110,0.00000000e+00
1111,0.00000000e+00
1112,0.00000000e+00
1113,0.00000000e+00
1114,0.00000000e+00
1115,0.00000000e+00
1116,0.00000000e+00
1117,0.00000000e+00
1118,0.00000000e+00
1119,0.00000000e+00
1120,0.00000000e+00
1121,0.00000000e+00
1122,0.00000000e+00
1123,0.00000000e+00
1124,0.00000000e+00
1125,0.00000000e+00
1126,0.00000000e+00
1127,0.00000000e+00
1128,0.00000000e+00
1129,0.00000000e+00
1130,0.00000000e+00
1131,0.00000000e+00
1132,0.00000000e+00
1133,0.00000000e+00
1134,0.00000000e+00
1135,0.00000000e+00
1136,0.00000000e+00
1137,0.00000000e+00
1138,0.00000000e+00
1139,0.00000000e+00
1140,0.00000000e+00
1141,0.00000000e+00
1142,0.00000000e+00
1143,0.00000000e+00
1144,0.00000000e+00
1145,0.00000000e+00
1146,0.00000000e+00
1147,0.00000000e+00
1148,0.00000000e+00
1149,0.00000000e+00
1150,0.00000000e+00
1151,0.00000000e+00
1152,0.00000000e+00
1153,0.00000000e+00
1154,0.00000000e+00
1155,0.00000000e+00
1156,0.00000000e+00
1157,0.00000000e+00
1158,0.00000000e+00
1159,0.00000000e+00
1160,0.00000000e+00
1161,0.00000000e+00
1162,0.00000000e+00
1163,0.00000000e+00
1164,0.00000000e+00
1165,0.00000000e+00
1166,0.00000000e+00
1167,0.00000000e+00
1168,0.00000000e+00
1169,0.00000000e+00
1170,0.00000000e+00
1171,0.00000000e+00
1172,0.00000000e+00
1173,0.00000000e+00
1174,0.00000000e+00
1175,0.00000000e+00
1176,0.00000000e+00
1177,0.00000000e+00
1178,0.00000000e+00
1179,0.00000000e+00
1180,0.00000000e+00
1181,0.00000000e+00
1182,0.00000000e+00
1183,0.00000000e+00
1184,0.00000000e+00
1185,0.00000000e+00
1186,0.00000000e+00
1187,0.00000000e+00
1188,0.00000000e+00
1189,0.00000000e+00
1190,0.00000000e+00
1191,0.00000000e+00
1192,0.00000000e+00
1193,0.00000000e+00
1194,0.00000000e+00
1195,0.00000000e+00
1196,0.00000000e+00
1197,0.00000000e+00
1198,0.00000000e+00
1199,0.00000000e+00
1200,0.00000000e+00
1201,0.00000000e+00
1202,0.00000000e+00
1203,0.00000000e+00
1204,0.00000000e+00
1205,0.00000000e+00
1206,0.00000000e+00
1207,0.00000000e+00
1208,0.00000000e+00
1209,0.00000000e+00
1210,0.00000000e+00
1211,0.00000000e+00
1212,0.00000000e+00
1213,0.00000000e+00
1214,0.00000000e+00
1215,0.00000000e+00
1216,0.00000000e+00
1217,0.00000000e+00
1218,0.00000000e+00
1219,0.00000000e+00
1220,0.00000000e+00
1221,0.00000000e+00
1222,0.00000000e+00
1223,0.00000000e+00
1224,0.00000000e+00
1225,0.00000000e+00
1226,0.00000000e+00
1227,0.00000000e+00
1228,0.00000000e+00
1229,0.00000000e+00
1230,0.00000000e+00
1231,0.00000000e+00
1232,0.00000000e+00
1233,0.00000000e+00
1234,0.00000000e+00
1235,0.00000000e+00
1236,0.00000000e+00
1237,0.00000000e+00
1238,0.00000000e+00
1239,0.00000000e+00
1240,0.00000000e+00
1241,0.00000000e+00
1242,0.00000000e+00
1243,0.00000000e+00
1244,0.00000000e+00
1245,0.00000000e+00
1246,0.00000000e+00
1247,0.00000000e+00
1248,0.00000000e+00
1249,0.00000000e+00
1250,0.00000000e+00
1251,0.00000000e+00
1252,0.00000000e+00
1253,0.00000000e+00
1254,0.00000000e+00
1255,0.00000000e+00
1256,0.00000000e+00
1257,0.00000000e+00
1258,0.00000000e+00
1259,0.00000000e+00
1260,0.00000000e+00
1261,0.00000000e+00
1262,0.00000000e+00
1263,0.00000000e+00
1264,0.00000000e+00
1265,0.00000000e+00
1266,0.00000000e+00
1267,0.00000000e+00
1268,0.00000000e+00
1269,0.00000000e+00
1270,0.00000000e+00
1271,0.00000000e+00
1272,0.00000000e+00
1273,0.00000000e+00
1274,0.00000000e+00
1275,0.00000000e+00
1276,0.00000000e+00
1277,0.00000000e+00
1278,0.00000000e+00
1279,0.00000000e+00
1280,0.00000000e+00
1281,0.00000000e+00
1282,0.00000000e+00
1283,0.00000000e+00
1284,0.00000000e+00
1285,0.00000000e+00
1286,0.00000000e+00
1287,0.00000000e+00
1288,0.00000000e+00
1289,0.00000000e+00
1290,0.00000000e+00
1291,0.00000000e+00
1292,0.00000000e+00
1293,0.00000000e+00
1294,0.00000000e+00
1295,0.00000000e+00
1296,0.00000000e+00
1297,0.00000000e+00
1298,0.00000000e+00
1299,0.00000000e+00
1300,0.00000000e+00
1301,0.00000000e+00
1302,0.00000000e+00
1303,0.00000000e+00
1304,0.00000000e+00
1305,0.00000000e+00
1306,0.00000000e+00
1307,0.00000000e+00
1308,0.00000000e+00
1309,0.00000000e+00
1310,0.00000000e+00
1311,0.00000000e+00
1312,0.00000000e+00
1313,0.00000000e+00
1314,0.00000000e+00
1315,0.00000000e+00
1316,0.00000000e+00
1317,0.00000000e+00
1318,0.00000000e+00
1319,0.00000000e+00
1320,0.00000000e+00
1321,0.00000000e+00
1322,0.00000000e+00
1323,0.00000000e+00
1324,0.00000000e+00
1325,0.00000000e+00
1326,0.00000000e+00
1327,0.00000000e+00
1328,0.00000000e+00
1329,0.00000000e+00
1330,0.00000000e+00
1331,0.00000000e+00
1332,0.00000000e+00
1333,0.00000000e+00
1334,0.00000000e+00
1335,0.00000000e+00
1336,0.00000000e+00
1337,0.00000000e+00
1338,0.00000000e+00
1339,0.00000000e+00
1340,0.00000000e+00
1341,0.00000000e+00
1342,0.00000000e+00
1343,0.00000000e+00
1344,0.00000000e+00
1345,0.00000000e+00
1346,0.00000000e+00
1347,0.00000000e+00
1348,0.00000000e+00
1349,0.00000000e+00
1350,0.00000000e+00
1351,0.00000000e+00
1352,0.00000000e+00
1353,0.00000000e+00
1354,0.00000000e+00
1355,0.00000000e+00
1356,0.00000000e+00
1357,0.00000000e+00
1358,0.00000000e+00
1359,0.00000000e+00
1360,0.00000000e+00
1361,0.00000000e+00
1362,0.00000000e+00
1363,0.00000000e+00
1364,0.00000000e+00
1365,0.00000000e+00
1366,0.00000000e+00
1367,0.00000000e+00
1368,0.00000000e+00
1369,0.00000000e+00
1370,0.00000000e+00
1371,0.00000000e+00
1372,0.00000000e+00
1373,0.00000000e+00
1374,0.00000000e+00
1375,0.00000000e+00
1376,0.00000000e+00
1377,0.00000000e+00
1378,0.00000000e+00
1379,0.00000000e+00
1380,0.00000000e+00
1381,0.00000000e+00
1382,0.00000000e+00
1383,0.00000000e+00
1384,0.00000000e+00
1385,0.00000000e+00
1386,0.00000000e+00
1387,0.00000000e+00
1388,0.00000000e+00
1389,0.00000000e+00
1390,0.00000000e+00
1391,0.00000000e+00
1392,0.00000000e+00
1393,0.00000000e+00
1394,0.00000000e+00
1395,0.00000000e+00
1396,0.00000000e+00
1397,0.00000000e+00
1398,0.00000000e+00
1399,0.00000000e+00
1400,0.00000000e+00
1401,0.00000000e+00
1402,0.00000000e+00
1403,0.00000000e+00
1404,0.00000000e+00
1405,0.00000000e+00
1406,0.00000000e+00
1407,0.00000000e+00
1408,0.00000000e+00
1409,0.00000000e+00
1410,0.00000000e+00
1411,0.00000000e+00
1412,0.00000000e+00
1413,0.00000000e+00
1414,0.00000000e+00
1415,0.00000000e+00
1416,0.00000000e+00
1417,0.00000000e+00
1418,0.00000000e+00
1419,0.00000000e+00
1420,0.00000000e+00
1421,0.00000000e+00
1422,0.00000000e+00
1423,0.00000000e+00
1424,0.00000000e+00
1425,0.00000000e+00
1426,0.00000000e+00
1427,0.00000000e+00
1428,0.00000000e+00
1429,0.00000000e+00
1430,0.00000000e+00
1431,0.00000000e+00
1432,0.00000000e+00
1433,0.00000000e+00
1434,0.00000000e+00
1435,0.00000000e+00
1436,0.00000000e+00
1437,0.00000000e+00
1438,0.00000000e+00
1439,0.00000000e+00
1440,0.00000000e+00
1441,0.00000000e+00
1442,0.00000000e+00
1443,0.00000000e+00
1444,0.00000000e+00
1445,0.00000000e+00
1446,0.00000000e+00
1447,0.00000000e+00
1448,0.00000000e+00
1449,0.00000000e+00
1450,0.00000000e+00
1451,0.00000000e+00
1452,0.00000000e+00
1453,0.00000000e+00
1454,0.00000000e+00
1455,0.00000000e+00
1456,0.00000000e+00
1457,0.00000000e+00
1458,0.00000000e+00
1459,0.00000000e+00
1460,0.00000000e+00
1461,0.00000000e+00
1462,0.00000000e+00
1463,0.00000000e+00
1464,0.00000000e+00
1465,0.00000000e+00
1466,0.00000000e+00
1467,0.00000000e+00
1468,0.00000000e+00
1469,0.00000000e+00
1470,0.00000000e+00
1471,0.00000000e+00
1472,0.00000000e+00
1473,0.00000000e+00
1474,0.00000000e+00
1475,0.00000000e+00
1476,0.00000000e+00
1477,0.00000000e+00
1478,0.00000000e+00
1479,0.00000000e+00
1480,0.00000000e+00
1481,0.00000000e+00
1482,0.00000000e+00
1483,0.00000000e+00
1484,0.00000000e+00
1485,0.00000000e+00
1486,0.00000000e+00
1487,0.00000000e+00
1488,0.00000000e+00
1489,0.00000000e+00
1490,0.00000000e+00
1491,0.00000000e+00
1492,0.00000000e+00
1493,0.00000000e+00
1494,0.00000000e+00
1495,0.00000000e+00
1496,0.00000000e+00
1497,0.00000000e+00
1498,0.00000000e+00
1499,0.00000000e+00
1500,0.00000000e+00
1501,0.00000000e+00
1502,0.00000000e+00
1503,0.00000000e+00
1504,0.00000000e+00
1505,0.00000000e+00
1506,0.00000000e+00
1507,0.00000000e+00
1508,0.00000000e+00
1509,0.00000000e+00
1510,0.00000000e+00
1511,0.00000000e+00
1512,0.00000000e+00
1513,0.00000000e+00
1514,0.00000000e+00
1515,0.00000000e+00
1516,0.00000000e+00
1517,0.00000000e+00
1518,0.00000000e+00
1519,0.00000000e+00
1520,0.00000000e+00
1521,0.00000000e+00
1522,0.00000000e+00
1523,0.00000000e+00
1524,0.00000000e+00
1525,0.00000000e+00
1526,0.00000000e+00
1527,0.00000000e+00
1528,0.00000000e+00
1529,0.00000000e+00
1530,0.00000000e+00
1531,0.00000000e+00
1532,0.00000000e+00
1533,0.00000000e+00
1534,0.00000000e+00
1535,0.00000000e+00
1536,0.00000000e+00
1537,0.00000000e+00
1538,0.00000000e+00
1539,0.00000000e+00
1540,0.00000000e+00
1541,0.00000000e+00
1542,0.00000000e+00
1543,0.00000000e+00
1544,0.00000000e+00
1545,0.00000000e+00
1546,0.00000000e+00
1547,0.00000000e+00
1548,0.00000000e+00
1549,0.00000000e+00
1550,0.00000000e+00
1551,0.00000000e+00
1552,0.00000000e+00
1553,0.00000000e+00
1554,0.00000000e+00
1555,0.00000000e+00
1556,0.00000000e+00
1557,0.00000000e+00
1558,0.00000000e+00
1559,0.00000000e+00
1560,0.00000000e+00
1561,0.00000000e+00
1562,0.00000000e+00
1563,0.00000000e+00
1564,0.00000000e+00
1565,0.00000000e+00
1566,0.00000000e+00
1567,0.00000000e+00
1568,0.00000000e+00
1569,0.00000000e+00
1570,0.00000000e+00
1571,0.00000000e+00
1572,0.00000000e+00
1573,0.00000000e+00
1574,0.00000000e+00
1575,0.00000000e+00
1576,0.00000000e+00
1577,0.00000000e+00
1578,0.00000000e+00
1579,0.00000000e+00
1580,0.00000000e+00
1581,0.00000000e+00
1582,0.00000000e+00
1583,0.00000000e+00
1584,0.00000000e+00
1585,0.00000000e+00
1586,0.00000000e+00
1587,0.00000000e+00
1588,0.00000000e+00
1589,0.00000000e+00
1590,0.00000000e+00
1591,0.00000000e+00
1592,0.00000000e+00
1593,0.00000000e+00
1594,0.00000000e+00
1595,0.00000000e+00
1596,0.00000000e+00
1597,0.00000000e+00
1598,0.00000000e+00
1599,0.00000000e+00
1600,0.00000000e+00
1601,0.00000000e+00
1602,0.00000000e+00
1603,0.00000000e+00
1604,0.00000000e+00
1605,0.00000000e+00
1606,0.00000000e+00
1607,0.00000000e+00
1608,0.00000000e+00
1609,0.00000000e+00
1610,0.00000000e+00
1611,0.00000000e+00
1612,0.00000000e+00
1613,0.00000000e+00
1614,0.00000000e+00
1615,0.00000000e+00
1616,0.00000000e+00
1617,0.00000000e+00
1618,0.00000000e+00
1619,0.00000000e+00
1620,0.00000000e+00
1621,0.00000000e+00
1622,0.00000000e+00
1623,0.00000000e+00
1624,0.00000000e+00
1625,0.00000000e+00
1626,0.00000000e+00
1627,0.00000000e+00
1628,0.00000000e+00
1629,0.00000000e+00
1630,0.00000000e+00
1631,0.00000000e+00
1632,0.00000000e+00
1633,0.00000000e+00
1634,0.00000000e+00
1635,0.00000000e+00
1636,0.00000000e+00
1637,0.00000000e+00
1638,0.00000000e+00
1639,0.00000000e+00
1640,0.00000000e+00
1641,0.00000000e+00
1642,0.00000000e+00
1643,0.00000000e+00
1644,0.00000000e+00
1645,0.00000000e+00
1646,0.00000000e+00
1647,0.00000000e+00
1648,0.00000000e+00
1649,0.00000000e+00
1650,0.00000000e+00
1651,0.00000000e+00
1652,0.00000000e+00
1653,0.00000000e+00
1654,0.00000000e+00
1655,0.00000000e+00
1656,0.00000000e+00
1657,0.00000000e+00
1658,0.00000000e+00
1659,0.00000000e+00
1660,0.00000000e+00
1661,0.00000000e+00
1662,0.00000000e+00
1663,0.00000000e+00
1664,0.00000000e+00
1665,0.00000000e+00
1666,0.00000000e+00
1667,0.00000000e+00
1668,0.00000000e+00
1669,0.00000000e+00
1670,0.00000000e+00
1671,0.00000000e+00
1672,0.00000000e+00
1673,0.00000000e+00
1674,0.00000000e+00
1675,0.00000000e+00
1676,0.00000000e+00
1677,0.00000000e+00
1678,0.00000000e+00
1679,0.00000000e+00
1680,0.00000000e+00
1681,0.00000000e+00
1682,0.00000000e+00
1683,0.00000000e+00
1684,0.00000000e+00
1685,0.00000000e+00
1686,0.00000000e+00
1687,0.00000000e+00
1688,0.00000000e+00
1689,0.00000000e+00
1690,0.00000000e+00
1691,0.00000000e+00
1692,0.00000000e+00
1693,0.00000000e+00
1694,0.00000000e+00
1695,0.00000000e+00
1696,0.00000000e+00
1697,0.00000000e+00
1698,0.00000000e+00
1699,0.00000000e+00
1700,0.00000000e+00
1701,0.00000000e+00
1702,0.00000000e+00
1703,0.00000000e+00
1704,0.00000000e+00
1705,0.00000000e+00
1706,0.00000000e+00
1707,0.00000000e+00
1708,0.00000000e+00
1709,0.00000000e+00
1710,0.00000000e+00
1711,0.00000000e+00
1712,0.00000000e+00
1713,0.00000000e+00
1714,0.00000000e+00
1715,0.00000000e+00
1716,0.00000000e+00
1717,0.00000000e+00
1718,0.00000000e+00
1719,0.00000000e+00
1720,0.00000000e+00
1721,0.00000000e+00
1722,0.00000000e+00
1723,0.00000000e+00
1724,0.00000000e+00
1725,0.00000000e+00
1726,0.00000000e+00
1727,0.00000000e+00
1728,0.00000000e+00
1729,6.30844209e-07
1730,1.74083025e-06
1731,2.84894289e-06
1732,3.95518687e-06
1733,5.05956693e-06
1734,6.16208776e-06
1735,7.26275405e-06
1736,9.25746817e-06
1737,1.14576790e-05
1738,1.36541983e-05
1739,1.58470352e-05
1740,1.80361990e-05
1741,2.02216989e-05
1742,2.24629869e-05
1743,2.57395950e-05
1744,2.90107331e-05
1745,3.22764146e-05
1746,3.55366534e-05
1747,3.87914629e-05
1748,4.20408568e-05
1749,4.56098054e-05
1750,4.99402102e-05
1751,5.42634277e-05
1752,5.85794756e-05
1753,6.28883719e-05
1754,6.71901342e-05
1755,7.14847803e-05
1756,7.63597266e-05
1757,8.17254671e-05
1758,8.70823533e-05
1759,9.24304071e-05
1760,9.77696502e-05
1761,1.03100104e-04
1762,1.08421792e-04
1763,1.14581555e-04
1764,1.20964596e-04
1765,1.27337165e-04
1766,1.33699287e-04
1767,1.40050987e-04
1768,1.46392293e-04
1769,1.52752301e-04
1770,1.60147095e-04
1771,1.67529816e-04
1772,1.74900494e-04
1773,1.82259157e-04
1774,1.89605835e-04
1775,1.96940558e-04
1776,2.04552287e-04
1777,2.12931070e-04
1778,2.21296251e-04
1779,2.29647864e-04
1780,2.37985941e-04
1781,2.46310514e-04
1782,2.54621618e-04
1783,2.63465134e-04
1784,2.72811033e-04
1785,2.82141847e-04
1786,2.91457611e-04
1787,3.00758361e-04
1788,3.10044134e-04
1789,3.19314967e-04
1790,3.29370770e-04
1791,3.39667294e-04
1792,3.49947291e-04
1793,3.60210800e-04
1794,3.70457861e-04
1795,3.80688514e-04
1796,3.90902797e-04
1797,4.01100751e-04
1798,4.11282415e-04
1799,4.21447826e-04
1800,4.31597025e-04
1801,4.41730050e-04
1802,4.51846939e-04
1803,4.61947732e-04
1804,4.72032466e-04
1805,4.82101179e-04
1806,4.92153911e-04
1807,5.02190699e-04
1808,5.12211580e-04
1809,5.22216593e-04
1810,5.32205776e-04
1811,5.42179165e-04
1812,5.52136798e-04
1813,5.62078713e-04
1814,5.72004947e-04
1815,5.81915537e-04
1816,5.91810519e-04
1817,6.01689931e-04
1818,6.11553809e-04
1819,6.21402190e-04
1820,6.31235111e-04
1821,6.41052608e-04
1822,6.50854716e-04
1823,6.60641473e-04
1824,6.70412914e-04
1825,6.80169075e-04
1826,6.89909992e-04
1827,6.99635701e-04
1828,7.09346238e-04
1829,7.19041636e-04
1830,7.28721934e-04
1831,7.38387164e-04
1832,7.48037363e-04
1833,7.57672566e-04
1834,7.67292807e-04
1835,7.76898121e-04
1836,7.86488544e-04
1837,7.96064109e-04
1838,8.05624851e-04
1839,8.15170805e-04
1840,8.24702005e-04
1841,8.34218484e-04
1842,8.43720278e-04
1843,8.53207420e-04
1844,8.62679943e-04
1845,8.72137883e-04
1846,8.81581271e-04
1847,8.91010143e-04
1848,9.00424531e-04
1849,9.09824468e-04
1850,9.19209988e-04
1851,9.28581125e-04
1852,9.37937911e-04
1853,9.47280378e-04
1854,9.56608561e-04
1855,9.65922491e-04
1856,9.75222201e-04
1857,9.84507724e-04
1858,9.93779093e-04
1859,1.00303634e-03
1860,1.01227949e-03
1861,1.02150859e-03
1862,1.03072366e-03
1863,1.03992474e-03
1864,1.04911186e-03
1865,1.05828504e-03
1866,1.06744433e-03
1867,1.07658975e-03
1868,1.08572133e-03
1869,1.09483911e-03
1870,1.10394312e-03
1871,1.11303338e-03
1872,1.12210993e-03
1873,1.13117281e-03
1874,1.14022203e-03
1875,1.14925764e-03
1876,1.15827966e-03
1877,1.16728812e-03
1878,1.17628306e-03
1879,1.18526450e-03
1880,1.19423247e-03
1881,1.20318701e-03
1882,1.21212815e-03
1883,1.22105591e-03
1884,1.22997032e-03
1885,1.23887142e-03
1886,1.24775924e-03
1887,1.25663380e-03
1888,1.26549513e-03
1889,1.27434327e-03
1890,1.28317824e-03
1891,1.29200007e-03
1892,1.30080879e-03
1893,1.30960444e-03
1894,1.31838703e-03
1895,1.32715661e-03
1896,1.33591319e-03
1897,1.34465681e-03
1898,1.35338750e-03
1899,1.36210528e-03
1900,1.37081018e-03
1901,1.37950223e-03
1902,1.38818147e-03
1903,1.39684791e-03
1904,1.40550159e-03
1905,1.41414253e-03
1906,1.42277076e-03
1907,1.43138632e-03
1908,1.43998923e-03
1909,1.44857951e-03
1910,1.45715719e-03
1911,1.46572231e-03
1912,1.47427489e-03
1913,1.48281495e-03
1914,1.49134253e-03
1915,1.49985765e-03
1916,1.50836034e-03
1917,1.51685063e-03
1918,1.52532854e-03
1919,1.53379410e-03
1920,1.54224734e-03
1921,1.55068828e-03
1922,1.55911695e-03
1923,1.56753339e-03
1924,1.57593760e-03
1925,1.58432963e-03
1926,1.59270949e-03
1927,1.60107722e-03
1928,1.60943284e-03
1929,1.61777638e-03
1930,1.62547701e-03
1931,1.63268647e-03
1932,1.63988580e-03
1933,1.64707502e-03
1934,1.65425416e-03
1935,1.66142322e-03
1936,1.66858223e-03
1937,1.67483533e-03
1938,1.68087107e-03
1939,1.68689868e-03
1940,1.69291818e-03
1941,1.69892957e-03
1942,1.70493288e-03
1943,1.71086868e-03
1944,1.71575746e-03
1945,1.72064003e-03
1946,1.72551642e-03
1947,1.73038662e-03
1948,1.73525066e-03
1949,1.74010853e-03
1950,1.74463531e-03
1951,1.74838910e-03
1952,1.75213858e-03
1953,1.75588376e-03
1954,1.75962463e-03
1955,1.76336122e-03
1956,1.76709351e-03
1957,1.77023413e-03
1958,1.77287261e-03
1959,1.77550861e-03
1960,1.77814213e-03
1961,1.78077318e-03
1962,1.78340177e-03
1963,1.78602789e-03
1964,1.78780472e-03
1965,1.78934709e-03
1966,1.79088877e-03
1967,1.79242976e-03
1968,1.79397005e-03
1969,1.79550964e-03
1970,1.79701947e-03
1971,1.79748346e-03
1972,1.79794850e-03
1973,1.79841459e-03
1974,1.79888172e-03
1975,1.79934988e-03
1976,1.79981906e-03
1977,1.80000033e-03
1978,1.79940367e-03
1979,1.79880974e-03
1980,1.79821854e-03
1981,1.79763007e-03
1982,1.79704430e-03
1983,1.79646123e-03
1984,1.79533501e-03
1985,1.79369567e-03
1986,1.79206071e-03
1987,1.79043013e-03
1988,1.78880390e-03
1989,1.78718200e-03
1990,1.78556444e-03
1991,1.78315131e-03
1992,1.78048689e-03
1993,1.77782845e-03
1994,1.77517596e-03
1995,1.77252942e-03
1996,1.76988881e-03
1997,1.76725410e-03
1998,1.76462529e-03
1999,1.76200234e-03
2000,1.75938525e-03
2001,1.75677400e-03
2002,1.75416856e-03
2003,1.75156893e-03
2004,1.74897508e-03
2005,1.74638700e-03
2006,1.74380468e-03
2007,1.74122808e-03
2008,1.73865721e-03
2009,1.73609203e-03
2010,1.73353253e-03
2011,1.73097871e-03
2012,1.72843053e-03
2013,1.72588798e-03
2014,1.72335105e-03
2015,1.72081972e-03
2016,1.71829397e-03
2017,1.71577379e-03
2018,1.71325916e-03
2019,1.71075007e-03
2020,1.70824649e-03
2021,1.70574841e-03
2022,1.70325582e-03
2023,1.70076870e-03
2024,1.69828703e-03
2025,1.69581080e-03
2026,1.69333999e-03
2027,1.69087458e-03
2028,1.68841457e-03
2029,1.68595993e-03
2030,1.68351064e-03
2031,1.68106671e-03
2032,1.67862809e-03
2033,1.67619479e-03
2034,1.67376679e-03
2035,1.67134406e-03
2036,1.66892661e-03
2037,1.66651440e-03
2038,1.66410743e-03
2039,1.66170567e-03
2040,1.65930913e-03
2041,1.65691777e-03
2042,1.65453158e-03
2043,1.65215056e-03
2044,1.64977468e-03
2045,1.64740393e-03
2046,1.64503830e-03
2047,1.64267777e-03
2048,1.64032232e-03
2049,1.63797195e-03
2050,1.63562663e-03
2051,1.63328635e-03
2052,1.63095110e-03
2053,1.62862087e-03
2054,1.62629563e-03
2055,1.62397538e-03
2056,1.62166010e-03
2057,1.61934977e-03
2058,1.61704439e-03
2059,1.61474393e-03
2060,1.61244839e-03
2061,1.61015775e-03
2062,1.60787199e-03
2063,1.60559111e-03
2064,1.60331508e-03
2065,1.60104390e-03
2066,1.59877755e-03
2067,1.59651601e-03
2068,1.59425928e-03
2069,1.59200734e-03
2070,1.58976017e-03
2071,1.58751777e-03
2072,1.58528012e-03
2073,1.58304720e-03
2074,1.58081900e-03
2075,1.57859551e-03
2076,1.57637672e-03
2077,1.57416261e-03
2078,1.57195317e-03
2079,1.56974838e-03
2080,1.56754824e-03
2081,1.56535273e-03
2082,1.56316183e-03
2083,1.56097554e-03
2084,1.55879384e-03
2085,1.55661672e-03
2086,1.55444416e-03
2087,1.55227616e-03
2088,1.55011269e-03
2089,1.54795376e-03
2090,1.54579933e-03
2091,1.54364941e-03
2092,1.54150398e-03
2093,1.53936302e-03
2094,1.53722653e-03
2095,1.53509449e-03
2096,1.53296690e-03
2097,1.53084372e-03
2098,1.52872497e-03
2099,1.52661061e-03
2100,1.52450065e-03
2101,1.52239506e-03
2102,1.52029384e-03
2103,1.51819698e-03
2104,1.51610445e-03
2105,1.51401626e-03
2106,1.51193238e-03
2107,1.50985281e-03
2108,1.50777754e-03
2109,1.50570655e-03
2110,1.50363982e-03
2111,1.50157736e-03
2112,1.49951915e-03
2113,1.49746516e-03
2114,1.49541541e-03
2115,1.49336986e-03
2116,1.49132852e-03
2117,1.48929137e-03
2118,1.48725839e-03
2119,1.48522958e-03
2120,1.48320492e-03
2121,1.48118441e-03
2122,1.47916803e-03
2123,1.47715578e-03
2124,1.47514763e-03
2125,1.47314358e-03
2126,1.47114361e-03
2127,1.46914773e-03
2128,1.46715591e-03
2129,1.46516814e-03
2130,1.46318442e-03
2131,1.46120472e-03
2132,1.45922905e-03
2133,1.45725739e-03
2134,1.45528973e-03
2135,1.45332606e-03
2136,1.45136636e-03
2137,1.44941064e-03
2138,1.44745887e-03
2139,1.44551104e-03
2140,1.44356715e-03
2141,1.44162718e-03
2142,1.43969113e-03
2143,1.43775898e-03
2144,1.43583073e-03
2145,1.43390635e-03
2146,1.43198585e-03
2147,1.43006921e-03
2148,1.42815642e-03
2149,1.42624747e-03
2150,1.42434236e-03
2151,1.42244106e-03
2152,1.42054357e-03
2153,1.41864988e-03
2154,1.41675999e-03
2155,1.41487387e-03
2156,1.41299152e-03
2157,1.41111293e-03
2158,1.40923809e-03
2159,1.40736699e-03
2160,1.40549962e-03
2161,1.40363597e-03
2162,1.40177602e-03
2163,1.39991978e-03
2164,1.39806723e-03
2165,1.39621836e-03
2166,1.39437316e-03
2167,1.39253162e-03
2168,1.39069373e-03
2169,1.38885948e-03
2170,1.38702886e-03
2171,1.38520187e-03
2172,1.38337849e-03
2173,1.38155871e-03
2174,1.37974253e-03
2175,1.37792993e-03
2176,1.37612090e-03
2177,1.37431544e-03
2178,1.37251353e-03
2179,1.37071518e-03
2180,1.36892036e-03
2181,1.36712906e-03
2182,1.36534129e-03
2183,1.36355702e-03
2184,1.36177626e-03
2185,1.35999899e-03
2186,1.35822519e-03
2187,1.35645488e-03
2188,1.35468802e-03
2189,1.35292462e-03
2190,1.35116467e-03
2191,1.34940815e-03
2192,1.34765506e-03
2193,1.34590539e-03
2194,1.34415913e-03
2195,1.34241627e-03
2196,1.34067680e-03
2197,1.33894072e-03
2198,1.33720801e-03
2199,1.33547866e-03
2200,1.33375268e-03
2201,1.33203004e-03
2202,1.33031074e-03
2203,1.32859478e-03
2204,1.32688213e-03
2205,1.32517280e-03
2206,1.32346678e-03
2207,1.32176405e-03
2208,1.32006461e-03
2209,1.31836845e-03
2210,1.31667557e-03
2211,1.31498594e-03
2212,1.31329957e-03
2213,1.31161645e-03
2214,1.30993656e-03
2215,1.30825991e-03
2216,1.30658647e-03
2217,1.30491625e-03
2218,1.30324923e-03
2219,1.30158541e-03
2220,1.29992478e-03
2221,1.29826733e-03
2222,1.29661305e-03
2223,1.29496194e-03
2224,1.29331398e-03
2225,1.29166917e-03
2226,1.29002750e-03
2227,1.28838896e-03
2228,1.28675355e-03
2229,1.28512125e-03
2230,1.28349206e-03
2231,1.28186597e-03
2232,1.28024297e-03
2233,1.27862306e-03
2234,1.27700622e-03
2235,1.27539245e-03
2236,1.27378175e-03
2237,1.27217410e-03
2238,1.27056949e-03
2239,1.26896792e-03
2240,1.26736938e-03
2241,1.26577386e-03
2242,1.26418136e-03
2243,1.26259187e-03
2244,1.26100538e-03
2245,1.25942187e-03
2246,1.25784136e-03
2247,1.25626382e-03
2248,1.25468925e-03
2249,1.25311764e-03
2250,1.25154899e-03
2251,1.24998328e-03
2252,1.24842052e-03
2253,1.24686068e-03
2254,1.24530378e-03
2255,1.24374979e-03
2256,1.24219871e-03
2257,1.24065054e-03
2258,1.23910526e-03
2259,1.23756287e-03
2260,1.23602336e-03
2261,1.23448673e-03
2262,1.23295296e-03
2263,1.23142205e-03
2264,1.22989400e-03
2265,1.22836880e-03
2266,1.22684643e-03
2267,1.22532689e-03
2268,1.22381018e-03
2269,1.22229629e-03
2270,1.22078521e-03
2271,1.21927693e-03
2272,1.21777145e-03
2273,1.21626876e-03
2274,1.21476886e-03
2275,1.21327172e-03
2276,1.21177736e-03
2277,1.21028577e-03
2278,1.20879692e-03
2279,1.20731083e-03
2280,1.20582748e-03
2281,1.20434686e-03
2282,1.20286897e-03
2283,1.20139381e-03
2284,1.19992136e-03
2285,1.19845162e-03
2286,1.19698458e-03
2287,1.19552024e-03
2288,1.19405858e-03
2289,1.19259961e-03
2290,1.19114331e-03
2291,1.18968969e-03
2292,1.18823872e-03
2293,1.18679041e-03
2294,1.18534475e-03
2295,1.18390174e-03
2296,1.18246136e-03
2297,1.18102361e-03
2298,1.17958849e-03
2299,1.17815598e-03
2300,1.17672608e-03
2301,1.17529879e-03
2302,1.17387410e-03
2303,1.17245199e-03
2304,1.17103248e-03
2305,1.16961554e-03
2306,1.16820118e-03
2307,1.16678939e-03
2308,1.16538015e-03
2309,1.16397347e-03
2310,1.16256934e-03
2311,1.16116775e-03
2312,1.15976870e-03
2313,1.15837217e-03
2314,1.15697818e-03
2315,1.15558669e-03
2316,1.15419773e-03
2317,1.15281126e-03
2318,1.15142730e-03
2319,1.15004583e-03
2320,1.14866685e-03
2321,1.14729034e-03
2322,1.14591632e-03
2323,1.14454476e-03
2324,1.14317567e-03
2325,1.14180904e-03
2326,1.14044486e-03
2327,1.13908312e-03
2328,1.13772383e-03
2329,1.13636697e-03
2330,1.13501254e-03
2331,1.13366053e-03
2332,1.13231094e-03
2333,1.13096376e-03
2334,1.12961899e-03
2335,1.12827661e-03
2336,1.12693663e-03
2337,1.12559904e-03
2338,1.12426383e-03
2339,1.12293100e-03
2340,1.12160054e-03
2341,1.12027245e-03
2342,1.11894671e-03
2343,1.11762333e-03
2344,1.11630230e-03
2345,1.11498362e-03
2346,1.11366727e-03
2347,1.11235325e-03
2348,1.11104156e-03
2349,1.10973219e-03
2350,1.10842514e-03
2351,1.10712040e-03
2352,1.10581797e-03
2353,1.10451783e-03
2354,1.10321999e-03
2355,1.10192443e-03
2356,1.10063116e-03
2357,1.09934017e-03
2358,1.09805145e-03
2359,1.09676500e-03
2360,1.09548081e-03
2361,1.09419888e-03
2362,1.09291919e-03
2363,1.09164176e-03
2364,1.09036656e-03
2365,1.08909360e-03
2366,1.08782288e-03
2367,1.08655437e-03
2368,1.08528809e-03
2369,1.08402402e-03
2370,1.08276216e-03
2371,1.08150251e-03
2372,1.08024505e-03
2373,1.07898979e-03
2374,1.07773672e-03
2375,1.07648583e-03
2376,1.07523712e-03
2377,1.07399059e-03
2378,1.07274622e-03
2379,1.07150402e-03
2380,1.07026398e-03
2381,1.06902609e-03
2382,1.06779035e-03
2383,1.06655675e-03
2384,1.06532529e-03
2385,1.06409597e-03
2386,1.06286877e-03
2387,1.06164370e-03
2388,1.06042075e-03
2389,1.05919991e-03
2390,1.05798118e-03
2391,1.05676456e-03
2392,1.05555004e-03
2393,1.05433761e-03
2394,1.05312727e-03
2395,1.05191901e-03
2396,1.05071284e-03
2397,1.04950874e-03
2398,1.04830672e-03
2399,1.04710676e-03
2400,1.04590886e-03
2401,1.04471301e-03
2402,1.04351922e-03
2403,1.04232748e-03
2404,1.04113778e-03
2405,1.03995012e-03
2406,1.03876449e-03
2407,1.03758089e-03
2408,1.03639931e-03
2409,1.03521975e-03
2410,1.03404221e-03
2411,1.03286668e-03
2412,1.03169315e-03
2413,1.03052162e-03
2414,1.02935209e-03
2415,1.02818456e-03
2416,1.02701901e-03
2417,1.02585544e-03
2418,1.02469385e-03
2419,1.02353424e-03
2420,1.02237659e-03
2421,1.02122091e-03
2422,1.02006719e-03
2423,1.01891543e-03
2424,1.01776561e-03
2425,1.01661775e-03
2426,1.01547183e-03
2427,1.01432784e-03
2428,1.01318579e-03
2429,1.01204567e-03
2430,1.01090748e-03
2431,1.00977121e-03
2432,1.00863685e-03
2433,1.00750440e-03
2434,1.00637387e-03
2435,1.00524524e-03
2436,1.00411850e-03
2437,1.00299367e-03
2438,1.00187072e-03
2439,1.00074966e-03
2440,9.99630483e-04
2441,9.98513185e-04
2442,9.97397760e-04
2443,9.96284205e-04
2444,9.95172516e-04
2445,9.94062689e-04
2446,9.92954719e-04
2447,9.91848603e-04
2448,9.90744335e-04
2449,9.89287092e-04
2450,9.87757421e-04
2451,9.86230037e-04
2452,9.84704935e-04
2453,9.83182111e-04
2454,9.81661561e-04
2455,9.80143278e-04
2456,9.78627259e-04
2457,9.77113498e-04
2458,9.75601991e-04
2459,9.74092734e-04
2460,9.72177240e-04
2461,9.70245870e-04
2462,9.68317181e-04
2463,9.66391166e-04
2464,9.64467822e-04
2465,9.62547142e-04
2466,9.60629121e-04
2467,9.58713754e-04
2468,9.56801036e-04
2469,9.54890961e-04
2470,9.52946569e-04
2471,9.50617191e-04
2472,9.48290881e-04
2473,9.45967634e-04
2474,9.43647444e-04
2475,9.41330304e-04
2476,9.39016210e-04
2477,9.36705154e-04
2478,9.34397132e-04
2479,9.32092137e-04
2480,9.29790164e-04
2481,9.27399366e-04
2482,9.24681285e-04
2483,9.21966645e-04
2484,9.19255438e-04
2485,9.16547659e-04
2486,9.13843300e-04
2487,9.11142357e-04
2488,9.08444821e-04
2489,9.05750687e-04
2490,9.03059949e-04
2491,9.00372601e-04
2492,8.97542529e-04
2493,8.94442219e-04
2494,8.91345711e-04
2495,8.88252997e-04
2496,8.85164071e-04
2497,8.82078926e-04
2498,8.78997554e-04
2499,8.75919949e-04
2500,8.72846104e-04
2501,8.69776013e-04
2502,8.66709668e-04
2503,8.63447302e-04
2504,8.59971095e-04
2505,8.56499040e-04
2506,8.53031130e-04
2507,8.49567357e-04
2508,8.46107715e-04
2509,8.42652195e-04
2510,8.39200791e-04
2511,8.35753496e-04
2512,8.32310301e-04
2513,8.28871200e-04
2514,8.25183369e-04
2515,8.21337457e-04
2516,8.17496039e-04
2517,8.13659106e-04
2518,8.09826650e-04
2519,8.05998664e-04
2520,8.02175141e-04
2521,7.98356071e-04
2522,7.94541449e-04
2523,7.90731265e-04
2524,7.86925512e-04
2525,7.82818902e-04
2526,7.78609343e-04
2527,7.74404610e-04
2528,7.70204692e-04
2529,7.66009583e-04
2530,7.61819274e-04
2531,7.57633757e-04
2532,7.53453023e-04
2533,7.49277065e-04
2534,7.45105874e-04
2535,7.40939441e-04
2536,7.36420594e-04
2537,7.31853316e-04
2538,7.27291186e-04
2539,7.22734193e-04
2540,7.18182330e-04
2541,7.13635588e-04
2542,7.09093958e-04
2543,7.04557431e-04
2544,7.00025999e-04
2545,6.95499654e-04
2546,6.90978372e-04
2547,6.86053707e-04
2548,6.81134510e-04
2549,6.76220774e-04
2550,6.71312488e-04
2551,6.66409643e-04
2552,6.61512232e-04
2553,6.56620243e-04
2554,6.51733669e-04
2555,6.46852501e-04
2556,6.41976729e-04
2557,6.37106345e-04
2558,6.32241339e-04
2559,6.27381704e-04
2560,6.22527429e-04
2561,6.17678506e-04
2562,6.12834926e-04
2563,6.07996681e-04
2564,6.03163761e-04
2565,5.98336158e-04
2566,5.93513862e-04
2567,5.88696866e-04
2568,5.83885161e-04
2569,5.79078737e-04
2570,5.74277587e-04
2571,5.69481701e-04
2572,5.64691070e-04
2573,5.59905687e-04
2574,5.55125542e-04
2575,5.50350628e-04
2576,5.45580934e-04
2577,5.40816453e-04
2578,5.36057177e-04
2579,5.31303096e-04
2580,5.26554203e-04
2581,5.21810488e-04
2582,5.17071943e-04
2583,5.12338561e-04
2584,5.07610331e-04
2585,5.02887247e-04
2586,4.98169299e-04
2587,4.93456480e-04
2588,4.88748780e-04
2589,4.84046192e-04
2590,4.79348707e-04
2591,4.74656316e-04
2592,4.69969013e-04
2593,4.65286788e-04
2594,4.60609632e-04
2595,4.55937539e-04
2596,4.51270500e-04
2597,4.46608505e-04
2598,4.41951548e-04
2599,4.37299621e-04
2600,4.32652714e-04
2601,4.28010820e-04
2602,4.23373931e-04
2603,4.18742038e-04
2604,4.14115134e-04
2605,4.09493210e-04
2606,4.04876259e-04
2607,4.00264273e-04
2608,3.95657243e-04
2609,3.91055161e-04
2610,3.86458020e-04
2611,3.81865812e-04
2612,3.77278528e-04
2613,3.72696160e-04
2614,3.68118702e-04
2615,3.63546144e-04
2616,3.58978480e-04
2617,3.54415701e-04
2618,3.49857799e-04
2619,3.45304766e-04
2620,3.40756596e-04
2621,3.36213279e-04
2622,3.31674809e-04
2623,3.27141177e-04
2624,3.22612376e-04
2625,3.18088397e-04
2626,3.13569235e-04
2627,3.09054879e-04
2628,3.04545324e-04
2629,3.00040561e-04
2630,2.95540582e-04
2631,2.91045381e-04
2632,2.86554949e-04
2633,2.82069279e-04
2634,2.77588363e-04
2635,2.73112194e-04
2636,2.68640765e-04
2637,2.64174066e-04
2638,2.59712092e-04
2639,2.55254835e-04
2640,2.50802287e-04
2641,2.46354441e-04
2642,2.41911289e-04
2643,2.37472823e-04
2644,2.33039038e-04
2645,2.28609924e-04
2646,2.24185475e-04
2647,2.19765683e-04
2648,2.15350542e-04
2649,2.10940042e-04
2650,2.06888999e-04
2651,2.02916853e-04
2652,1.98948878e-04
2653,1.94985066e-04
2654,1.91025411e-04
2655,1.87069906e-04
2656,1.83118546e-04
2657,1.79171323e-04
2658,1.75228232e-04
2659,1.71289265e-04
2660,1.67354416e-04
2661,1.63832160e-04
2662,1.60332125e-04
2663,1.56835743e-04
2664,1.53343009e-04
2665,1.49853918e-04
2666,1.46368462e-04
2667,1.42886637e-04
2668,1.39408438e-04
2669,1.35933857e-04
2670,1.32462891e-04
2671,1.29032487e-04
2672,1.25993305e-04
2673,1.22957279e-04
2674,1.19924404e-04
2675,1.16894675e-04
2676,1.13868087e-04
2677,1.10844636e-04
2678,1.07824316e-04
2679,1.04807123e-04
2680,1.01793051e-04
2681,9.87820965e-05
2682,9.58660947e-05
2683,9.32834927e-05
2684,9.07035574e-05
2685,8.81262845e-05
2686,8.55516700e-05
2687,8.29797098e-05
2688,8.04103997e-05
2689,7.78437356e-05
2690,7.52797135e-05
2691,7.27183292e-05
2692,7.01595788e-05
2693,6.77495638e-05
2694,6.56157893e-05
2695,6.34842056e-05
2696,6.13548092e-05
2697,5.92275968e-05
2698,5.71025650e-05
2699,5.49797105e-05
2700,5.28590300e-05
2701,5.07405201e-05
2702,4.86241774e-05
2703,4.65099987e-05
2704,4.45977413e-05
2705,4.29052157e-05
2706,4.12144180e-05
2707,3.95253456e-05
2708,3.78379958e-05
2709,3.61523661e-05
2710,3.44684538e-05
2711,3.27862563e-05
2712,3.11057709e-05
2713,2.94269951e-05
2714,2.77499262e-05
2715,2.63273775e-05
2716,2.50686914e-05
2717,2.38112831e-05
2718,2.25551507e-05
2719,2.13002923e-05
2720,2.00467060e-05
2721,1.87943897e-05
2722,1.75433416e-05
2723,1.62935597e-05
2724,1.50450422e-05
2725,1.37977870e-05
2726,1.28570736e-05
2727,1.20249823e-05
2728,1.11937311e-05
2729,1.03633186e-05
2730,9.53374370e-06
2731,8.70500504e-06
2732,7.87710139e-06
2733,7.05003148e-06
2734,6.22379404e-06
2735,5.39838784e-06
2736,4.57381160e-06
2737,4.10723069e-06
2738,3.69464953e-06
2739,3.28248260e-06
2740,2.87072928e-06
2741,2.45938896e-06
2742,2.04846101e-06
2743,1.63794481e-06
2744,1.22783974e-06
2745,8.18145192e-07
2746,4.08860540e-07
2747,0.00000000e+00
2748,0.00000000e+00
2749,0.00000000e+00
2750,0.00000000e+00
2751,0.00000000e+00
2752,0.00000000e+00
2753,0.00000000e+00
2754,0.00000000e+00
2755,0.00000000e+00
2756,0.00000000e+00
2757,0.00000000e+00
2758,0.00000000e+00
2759,0.00000000e+00
2760,0.00000000e+00
2761,0.00000000e+00
2762,0.00000000e+00
2763,0.00000000e+00
2764,0.00000000e+00
2765,0.00000000e+00
2766,0.00000000e+00
2767,0.00000000e+00
2768,0.00000000e+00
2769,0.00000000e+00
2770,0.00000000e+00
2771,0.00000000e+00
2772,0.00000000e+00
2773,0.00000000e+00
2774,0.00000000e+00
2775,0.00000000e+00
2776,0.00000000e+00
2777,0.00000000e+00
2778,0.00000000e+00
2779,0.00000000e+00
2780,0.00000000e+00
2781,0.00000000e+00
2782,0.00000000e+00
2783,0.00000000e+00
2784,0.00000000e+00
2785,0.00000000e+00
2786,0.00000000e+00
2787,0.00000000e+00
2788,0.00000000e+00
2789,0.00000000e+00
2790,0.00000000e+00
2791,0.00000000e+00
2792,0.00000000e+00
2793,0.00000000e+00
2794,0.00000000e+00
2795,0.00000000e+00
2796,0.00000000e+00
2797,0.00000000e+00
2798,0.00000000e+00
2799,0.00000000e+00
2800,0.00000000e+00
2801,0.00000000e+00
2802,0.00000000e+00
2803,0.00000000e+00
2804,0.00000000e+00
2805,0.00000000e+00
2806,0.00000000e+00
2807,0.00000000e+00
2808,0.00000000e+00
2809,0.00000000e+00
2810,0.00000000e+00
2811,0.00000000e+00
2812,0.00000000e+00
2813,0.00000000e+00
2814,0.00000000e+00
2815,0.00000000e+00
2816,0.00000000e+00
2817,0.00000000e+00
2818,0.00000000e+00
2819,0.00000000e+00
2820,0.00000000e+00
2821,0.00000000e+00
2822,0.00000000e+00
2823,0.00000000e+00
2824,0.00000000e+00
2825,0.00000000e+00
2826,0.00000000e+00
2827,0.00000000e+00
2828,0.00000000e+00
2829,0.00000000e+00
2830,0.00000000e+00
2831,0.00000000e+00
2832,0.00000000e+00
2833,0.00000000e+00
2834,0.00000000e+00
2835,0.00000000e+00
2836,0.00000000e+00
2837,0.00000000e+00
2838,0.00000000e+00
2839,0.00000000e+00
2840,0.00000000e+00
2841,0.00000000e+00
2842,0.00000000e+00
2843,0.00000000e+00
2844,0.00000000e+00
2845,0.00000000e+00
2846,0.00000000e+00
2847,0.00000000e+00
2848,0.00000000e+00
2849,0.00000000e+00
2850,0.00000000e+00
2851,0.00000000e+00
2852,0.00000000e+00
2853,0.00000000e+00
2854,0.00000000e+00
2855,0.00000000e+00
2856,0.00000000e+00
2857,0.00000000e+00
2858,0.00000000e+00
2859,0.00000000e+00
2860,0.00000000e+00
2861,0.00000000e+00
2862,0.00000000e+00
2863,0.00000000e+00
2864,0.00000000e+00
2865,0.00000000e+00
2866,0.00000000e+00
2867,0.00000000e+00
2868,0.00000000e+00
2869,0.00000000e+00
2870,0.00000000e+00
2871,0.00000000e+00
2872,0.00000000e+00
2873,0.00000000e+00
2874,0.00000000e+00
2875,0.00000000e+00
2876,0.00000000e+00
2877,0.00000000e+00
2878,0.00000000e+00
2879,0.00000000e+00
2880,0.00000000e+00
2881,0.00000000e+00
2882,0.00000000e+00
2883,0.00000000e+00
2884,0.00000000e+00
2885,0.00000000e+00
2886,0.00000000e+00
2887,0.00000000e+00
2888,0.00000000e+00
2889,0.00000000e+00
2890,0.00000000e+00
2891,0.00000000e+00
2892,0.00000000e+00
2893,0.00000000e+00
2894,0.00000000e+00
2895,0.00000000e+00
2896,0.00000000e+00
2897,0.00000000e+00
2898,0.00000000e+00
2899,0.00000000e+00
2900,0.00000000e+00
2901,0.00000000e+00
2902,0.00000000e+00
2903,0.00000000e+00
2904,0.00000000e+00
2905,0.00000000e+00
2906,0.00000000e+00
2907,0.00000000e+00
2908,0.00000000e+00
2909,0.00000000e+00
2910,0.00000000e+00
2911,0.00000000e+00
2912,0.00000000e+00
2913,0.00000000e+00
2914,0.00000000e+00
2915,0.00000000e+00
2916,0.00000000e+00
2917,0.00000000e+00
2918,0.00000000e+00
2919,0.00000000e+00
2920,0.00000000e+00
2921,0.00000000e+00
2922,0.00000000e+00
2923,0.00000000e+00
2924,0.00000000e+00
2925,0.00000000e+00
2926,0.00000000e+00
2927,0.00000000e+00
2928,0.00000000e+00
2929,0.00000000e+00
2930,0.00000000e+00
2931,0.00000000e+00
2932,0.00000000e+00
2933,0.00000000e+00
2934,0.00000000e+00
2935,0.00000000e+00
2936,0.00000000e+00
2937,0.00000000e+00
2938,0.00000000e+00
2939,0.00000000e+00
2940,0.00000000e+00
2941,0.00000000e+00
2942,0.00000000e+00
2943,0.00000000e+00
2944,0.00000000e+00
2945,0.00000000e+00
2946,0.00000000e+00
2947,0.00000000e+00
2948,0.00000000e+00
2949,0.00000000e+00
2950,0.00000000e+00
2951,0.00000000e+00
2952,0.00000000e+00
2953,0.00000000e+00
2954,0.00000000e+00
2955,0.00000000e+00
2956,0.00000000e+00
2957,0.00000000e+00
2958,0.00000000e+00
2959,0.00000000e+00
2960,0.00000000e+00
2961,0.00000000e+00
2962,0.00000000e+00
2963,0.00000000e+00
2964,0.00000000e+00
2965,0.00000000e+00
2966,0.00000000e+00
2967,0.00000000e+00
2968,0.00000000e+00
2969,0.00000000e+00
2970,0.00000000e+00
2971,0.00000000e+00
2972,0.00000000e+00
2973,0.00000000e+00
2974,0.00000000e+00
2975,0.00000000e+00
2976,0.00000000e+00
2977,0.00000000e+00
2978,0.00000000e+00
2979,0.00000000e+00
2980,0.00000000e+00
2981,0.00000000e+00
2982,0.00000000e+00
2983,0.00000000e+00
2984,0.00000000e+00
2985,0.00000000e+00
2986,0.00000000e+00
2987,0.00000000e+00
2988,0.00000000e+00
2989,0.00000000e+00
2990,0.00000000e+00
2991,0.00000000e+00
2992,0.00000000e+00
2993,0.00000000e+00
2994,0.00000000e+00
2995,0.00000000e+00
2996,0.00000000e+00
2997,0.00000000e+00
2998,0.00000000e+00
2999,0.00000000e+00
